etiqueta,n_imagenes,dino_antes,resnet,dino_pad,mejora,vs_resnet
Gomphonema_parvulum_f_saprophilum,70,0.043,0.057,0.1,0.057,0.043
Gomphonema_minusculum,60,0.067,0.1,0.017,-0.05,-0.083
Achnanthidium_caravelense,70,0.1,0.557,0.314,0.214,-0.243
Fistulifera_saprophila,52,0.192,0.981,0.462,0.27,-0.519
Mayamaea_permitis,49,0.204,0.408,0.286,0.082,-0.122
Gomphonema_angustivalva,68,0.206,0.412,0.176,-0.03,-0.236
Rhoicosphenia_abbreviata,98,0.276,0.653,0.327,0.051,-0.326
Reimeria_sinuata,100,0.31,0.37,0.39,0.08,0.02
Gomphonema_minutum,80,0.325,0.288,0.388,0.063,0.1
Nitzschia_soratensis,90,0.333,0.822,0.411,0.078,-0.411
Navicula_gregaria,100,0.34,0.92,0.82,0.48,-0.1
Achnanthidium_exile,70,0.357,0.571,0.514,0.157,-0.057
Encyonopsis_minuta,100,0.4,0.2,0.04,-0.36,-0.16
Planothidium_lanceolatum,100,0.47,0.96,0.74,0.27,-0.22
Fragilaria_pararumpens,70,0.471,0.429,0.529,0.058,0.1
Nitzschia_fonticola,50,0.48,0.9,0.9,0.42,0.0
Nitzschia_desertorum,100,0.53,0.65,0.79,0.26,0.14
Navicula_cryptotenelloides,80,0.562,0.938,0.662,0.1,-0.276
Navicula_lanceolata,100,0.61,0.76,0.74,0.13,-0.02
Fragilaria_perminuta,100,0.62,0.8,0.72,0.1,-0.08
Stephanodiscus_hantzschii,100,0.64,0.66,0.18,-0.46,-0.48
Tabellaria_flocculosa,240,0.65,0.467,0.783,0.133,0.316
Achnanthidium_catenatum,103,0.67,0.874,0.864,0.194,-0.01
Epithemia_adnata,257,0.673,0.7,0.65,-0.023,-0.05
Gomphonema_pumilum_var_elegans,422,0.675,0.78,0.72,0.045,-0.06
Encyonema_ventricosum,75,0.693,1.0,0.933,0.24,-0.067
Craticula_accomoda,96,0.729,0.948,0.938,0.209,-0.01
Encyonema_silesiacum,414,0.739,0.973,0.944,0.205,-0.029
Nitzschia_paleacea,100,0.74,0.9,0.82,0.08,-0.08
Planothidium_frequentissimum,100,0.74,0.93,0.84,0.1,-0.09
Achnanthidium_druartii,90,0.744,0.822,0.733,-0.011,-0.089
Karayevia_clevei_var_clevei,90,0.756,0.778,0.667,-0.089,-0.111
Encyonema_minutum,80,0.762,0.938,0.862,0.1,-0.076
Diatoma_vulgaris,70,0.771,0.657,0.757,-0.014,0.1
Achnanthidium_minutissimum,219,0.79,0.813,0.795,0.005,-0.018
Cyclotella_atomus,100,0.8,0.9,0.94,0.14,0.04
Fragilaria_vaucheriae,50,0.8,0.7,0.5,-0.3,-0.2
Humidophila_contenta,96,0.802,0.948,0.969,0.167,0.021
Cymbella_excisiformis_var_excisiformis,95,0.821,0.695,0.695,-0.126,0.0
Diatoma_moniliformis,100,0.83,0.72,0.75,-0.08,0.03
Achnanthidium_eutrophilum,100,0.84,0.98,0.46,-0.38,-0.52
Cocconeis_placentula_var_euglypta,397,0.844,0.995,0.997,0.153,0.002
Navicula_notha,80,0.85,0.988,0.962,0.112,-0.026
Navicula_cryptotenella,80,0.85,0.9,0.962,0.112,0.062
Navicula_tripunctata,100,0.86,0.88,0.86,0.0,-0.02
Encyonema_reichardtii,80,0.862,0.962,0.838,-0.024,-0.124
Achnanthidium_pyrenaicum,66,0.864,0.985,1.0,0.136,0.015
Nitzschia_inconspicua,273,0.872,0.908,0.901,0.029,-0.007
Denticula_tenuis,80,0.875,0.95,0.925,0.05,-0.025
Gomphonema_rhombicum,233,0.897,0.833,0.82,-0.077,-0.013
Aulacoseira_granulata,100,0.9,0.95,0.93,0.03,-0.02
Discostella_pseudostelligera,98,0.908,0.959,0.806,-0.102,-0.153
Cocconeis_lineata,259,0.911,0.954,0.88,-0.031,-0.074
Nitzschia_capitellata,101,0.911,0.96,0.941,0.03,-0.019
Melosira_varians,435,0.922,0.956,0.954,0.032,-0.002
Nitzschia_amphibia,80,0.95,0.75,0.875,-0.075,0.125
Achnanthidium_atomoides,95,0.958,0.979,0.979,0.021,0.0
Cymbella_parva,301,0.97,0.87,0.953,-0.017,0.083
Cocconeis_pediculus,182,0.978,0.989,0.973,-0.005,-0.016
Navicula_capitatoradiata,100,0.98,1.0,1.0,0.02,0.0
Staurosira_venter,103,0.981,0.913,1.0,0.019,0.087
Amphora_pediculus,79,0.987,0.987,0.975,-0.012,-0.012
Nitzschia_palea_var_palea,102,1.0,1.0,1.0,0.0,0.0
Achnanthidium_rivulare,102,1.0,1.0,1.0,0.0,0.0
Nitzschia_frustulum_var_frustulum,104,1.0,1.0,1.0,0.0,0.0
